{
    "data": {
        "1": {
            "happiness": 0.8177875876426697,
            "sadness": 0.023884590715169907,
            "anger": 0.0010585010750219226,
            "surprise": 0.09258687496185303,
            "disgust": 0.03341986611485481,
            "fear": 0.015724439173936844,
            "neutral": 0.015538191422820091
        },
        "2": {
            "happiness": 0.8109697699546814,
            "sadness": 0.03279959410429001,
            "anger": 0.000801218906417489,
            "surprise": 0.08265074342489243,
            "disgust": 0.0464562363922596,
            "fear": 0.01190901268273592,
            "neutral": 0.014413535594940186
        },
        "3": {
            "happiness": 0.8512324690818787,
            "sadness": 0.02782289683818817,
            "anger": 0.000588807393796742,
            "surprise": 0.05854785442352295,
            "disgust": 0.04329569637775421,
            "fear": 0.005610389169305563,
            "neutral": 0.012901882641017437
        },
        "4": {
            "happiness": 0.8583042025566101,
            "sadness": 0.026448920369148254,
            "anger": 0.0004035067104268819,
            "surprise": 0.060485392808914185,
            "disgust": 0.03860080614686012,
            "fear": 0.0039027107413858175,
            "neutral": 0.01185449119657278
        },
        "5": {
            "happiness": 0.8475913405418396,
            "sadness": 0.029765266925096512,
            "anger": 0.00032019210630096495,
            "surprise": 0.07354096323251724,
            "disgust": 0.03391702473163605,
            "fear": 0.0028370479121804237,
            "neutral": 0.012028241530060768
        },
        "6": {
            "happiness": 0.8919050693511963,
            "sadness": 0.017253084108233452,
            "anger": 0.00014312122948467731,
            "surprise": 0.058720316737890244,
            "disgust": 0.020016245543956757,
            "fear": 0.001508514047600329,
            "neutral": 0.010453557595610619
        },
        "7": {
            "happiness": 0.9063191413879395,
            "sadness": 0.013122214004397392,
            "anger": 0.00012527806393336505,
            "surprise": 0.05334383621811867,
            "disgust": 0.015212694182991982,
            "fear": 0.0018056246917694807,
            "neutral": 0.010071205906569958
        },
        "8": {
            "happiness": 0.9065052270889282,
            "sadness": 0.013370958156883717,
            "anger": 0.0001571540196891874,
            "surprise": 0.048728689551353455,
            "disgust": 0.017421172931790352,
            "fear": 0.0020663850009441376,
            "neutral": 0.01175044197589159
        },
        "9": {
            "happiness": 0.9294723868370056,
            "sadness": 0.011818532831966877,
            "anger": 0.00016686775779817253,
            "surprise": 0.03202042728662491,
            "disgust": 0.013113605789840221,
            "fear": 0.0013060375349596143,
            "neutral": 0.012102077715098858
        },
        "10": {
            "happiness": 0.9509149789810181,
            "sadness": 0.005621141754090786,
            "anger": 0.0002509641053620726,
            "surprise": 0.01830415055155754,
            "disgust": 0.013118566013872623,
            "fear": 0.0008138599805533886,
            "neutral": 0.010976343415677547
        },
        "11": {
            "happiness": 0.9506726264953613,
            "sadness": 0.009275690652430058,
            "anger": 0.0002753922890406102,
            "surprise": 0.01159142516553402,
            "disgust": 0.013396082445979118,
            "fear": 0.0003316151851322502,
            "neutral": 0.014457113109529018
        }
    }
}