{
    "data": {
        "1": {
            "happiness": 0.8577994704246521,
            "sadness": 0.03255915269255638,
            "anger": 0.000511396152433008,
            "surprise": 0.04444383829832077,
            "disgust": 0.044535163789987564,
            "fear": 0.005361849442124367,
            "neutral": 0.014789153821766376
        },
        "2": {
            "happiness": 0.8434267044067383,
            "sadness": 0.04405009001493454,
            "anger": 0.0005292739369906485,
            "surprise": 0.04558240994811058,
            "disgust": 0.04466850683093071,
            "fear": 0.005886716768145561,
            "neutral": 0.015856383368372917
        },
        "3": {
            "happiness": 0.8414011001586914,
            "sadness": 0.053273431956768036,
            "anger": 0.00033126381458714604,
            "surprise": 0.05088115483522415,
            "disgust": 0.031238088384270668,
            "fear": 0.007521632593125105,
            "neutral": 0.015353308990597725
        },
        "4": {
            "happiness": 0.7698697447776794,
            "sadness": 0.07862737774848938,
            "anger": 0.000677744799759239,
            "surprise": 0.06406434625387192,
            "disgust": 0.057253647595644,
            "fear": 0.011608649976551533,
            "neutral": 0.017898429185152054
        },
        "5": {
            "happiness": 0.6851037740707397,
            "sadness": 0.10400843620300293,
            "anger": 0.001504228450357914,
            "surprise": 0.10040753334760666,
            "disgust": 0.06637194007635117,
            "fear": 0.01350062433630228,
            "neutral": 0.029103368520736694
        },
        "6": {
            "happiness": 0.5787226557731628,
            "sadness": 0.1598198115825653,
            "anger": 0.003016867907717824,
            "surprise": 0.1302410066127777,
            "disgust": 0.03626169264316559,
            "fear": 0.05515467748045921,
            "neutral": 0.03678332269191742
        },
        "7": {
            "happiness": 0.7146649360656738,
            "sadness": 0.11939302831888199,
            "anger": 0.0009728348813951015,
            "surprise": 0.07978440821170807,
            "disgust": 0.04940737783908844,
            "fear": 0.018098248168826103,
            "neutral": 0.01767907850444317
        },
        "8": {
            "happiness": 0.8665705323219299,
            "sadness": 0.035561732947826385,
            "anger": 0.0004454282170627266,
            "surprise": 0.06074794381856918,
            "disgust": 0.020159326493740082,
            "fear": 0.004101622384041548,
            "neutral": 0.012413481250405312
        },
        "9": {
            "happiness": 0.8076081275939941,
            "sadness": 0.03169252350926399,
            "anger": 0.0016011904226616025,
            "surprise": 0.09450649470090866,
            "disgust": 0.046151332557201385,
            "fear": 0.0034718147944658995,
            "neutral": 0.01496856939047575
        },
        "10": {
            "happiness": 0.5462923049926758,
            "sadness": 0.07491621375083923,
            "anger": 0.02010580152273178,
            "surprise": 0.17514725029468536,
            "disgust": 0.1503256857395172,
            "fear": 0.0015556177822872996,
            "neutral": 0.03165717050433159
        },
        "11": {
            "happiness": 0.7147415280342102,
            "sadness": 0.03818712383508682,
            "anger": 0.0046759676188230515,
            "surprise": 0.04901031777262688,
            "disgust": 0.17170968651771545,
            "fear": 0.0007361541502177715,
            "neutral": 0.020939238369464874
        }
    }
}