{
    "data": {
        "1": {
            "happiness": 0.19570757448673248,
            "sadness": 0.054346270859241486,
            "anger": 0.09836657345294952,
            "surprise": 0.3777798116207123,
            "disgust": 0.032647550106048584,
            "fear": 0.002885890658944845,
            "neutral": 0.23826627433300018
        },
        "2": {
            "happiness": 0.18792113661766052,
            "sadness": 0.05488961935043335,
            "anger": 0.10611934959888458,
            "surprise": 0.39991411566734314,
            "disgust": 0.02799636498093605,
            "fear": 0.0034256428480148315,
            "neutral": 0.2197338193655014
        },
        "3": {
            "happiness": 0.13967116177082062,
            "sadness": 0.044153712689876556,
            "anger": 0.18547070026397705,
            "surprise": 0.408040851354599,
            "disgust": 0.02022264339029789,
            "fear": 0.004577905870974064,
            "neutral": 0.19786301255226135
        },
        "4": {
            "happiness": 0.1149025559425354,
            "sadness": 0.04606562852859497,
            "anger": 0.24774736166000366,
            "surprise": 0.3814690411090851,
            "disgust": 0.02069929428398609,
            "fear": 0.0038077153731137514,
            "neutral": 0.18530844151973724
        },
        "5": {
            "happiness": 0.06620188057422638,
            "sadness": 0.04405658692121506,
            "anger": 0.3540554642677307,
            "surprise": 0.36080896854400635,
            "disgust": 0.01880386658012867,
            "fear": 0.004416269715875387,
            "neutral": 0.15165695548057556
        },
        "6": {
            "happiness": 0.07641719281673431,
            "sadness": 0.043786514550447464,
            "anger": 0.28715023398399353,
            "surprise": 0.3920343220233917,
            "disgust": 0.019287368282675743,
            "fear": 0.005183116067200899,
            "neutral": 0.17614124715328217
        },
        "7": {
            "happiness": 0.07960844784975052,
            "sadness": 0.04352029412984848,
            "anger": 0.2526617646217346,
            "surprise": 0.41344690322875977,
            "disgust": 0.01787109486758709,
            "fear": 0.006187778897583485,
            "neutral": 0.18670374155044556
        },
        "8": {
            "happiness": 0.08531776070594788,
            "sadness": 0.04713651165366173,
            "anger": 0.16349709033966064,
            "surprise": 0.4614652097225189,
            "disgust": 0.02084612287580967,
            "fear": 0.013937464915215969,
            "neutral": 0.20779980719089508
        },
        "9": {
            "happiness": 0.03605479374527931,
            "sadness": 0.13432817161083221,
            "anger": 0.10160990059375763,
            "surprise": 0.47908392548561096,
            "disgust": 0.016774306073784828,
            "fear": 0.11795947700738907,
            "neutral": 0.11418938636779785
        },
        "10": {
            "happiness": 0.051122184842824936,
            "sadness": 0.13945190608501434,
            "anger": 0.05382489413022995,
            "surprise": 0.4061000347137451,
            "disgust": 0.017708588391542435,
            "fear": 0.2316955029964447,
            "neutral": 0.10009689629077911
        },
        "11": {
            "happiness": 0.2077232450246811,
            "sadness": 0.15509770810604095,
            "anger": 0.00916904304176569,
            "surprise": 0.465772420167923,
            "disgust": 0.017845697700977325,
            "fear": 0.07501029968261719,
            "neutral": 0.06938159465789795
        },
        "12": {
            "happiness": 0.44695761799812317,
            "sadness": 0.044007960706949234,
            "anger": 0.004584083333611488,
            "surprise": 0.39891406893730164,
            "disgust": 0.02099308930337429,
            "fear": 0.028606371954083443,
            "neutral": 0.05593683943152428
        }
    }
}